lambda,All,sigma_all,Low_luminosity,sigma_low,Mid_luminosity,sigma_mid,High_luminosity,sigma_high,CIVZ1,sigma_CIVZ1,CIVZ2,sigma_CIVZ2," UVBump",sigma_ UVBump,ScottUV,sigma_ScottUV,CaseUV,sigma_CaseUV
0.09683246774565915,44.237,1.02,43.914,1.02,44.262,1.02,44.567,1.03,44.45,1.03,44.684,1.03,44.231,0.39,44.23,0.39,44.23,0.39
0.1168310181606982,44.237,1.02,43.914,1.02,44.262,1.02,44.567,1.03,44.45,1.03,44.684,1.03,44.232,0.39,44.23,0.39,44.23,0.39
0.1368314759243701,44.237,1.02,43.914,1.02,44.262,1.02,44.567,1.03,44.45,1.03,44.684,1.03,44.232,0.39,44.23,0.39,44.23,0.39
0.15683193368804194,44.237,1.02,43.914,1.02,44.262,1.02,44.567,1.03,44.45,1.03,44.684,1.03,44.233,0.39,44.23,0.39,44.23,0.39
0.17683239145171376,44.237,1.02,43.914,1.02,44.262,1.02,44.567,1.03,44.45,1.03,44.684,1.03,44.233,0.39,44.23,0.39,44.23,0.39
0.19683094186675285,44.237,1.02,43.914,1.02,44.262,1.02,44.567,1.03,44.45,1.03,44.684,1.03,44.234,0.39,44.23,0.39,44.23,0.39
0.21683139963042472,44.237,1.02,43.914,1.02,44.262,1.02,44.567,1.03,44.45,1.03,44.684,1.03,44.234,0.39,44.23,0.39,44.23,0.39
0.2368318573940966,44.237,1.02,43.914,1.02,44.262,1.02,44.567,1.03,44.45,1.03,44.684,1.03,44.235,0.4,44.23,0.39,44.23,0.39
0.2568323151577685,44.237,1.02,43.914,1.02,44.262,1.02,44.567,1.03,44.45,1.03,44.684,1.03,44.235,0.4,44.23,0.39,44.23,0.39
0.2768308655728075,44.237,1.02,43.914,1.02,44.262,1.02,44.567,1.03,44.45,1.03,44.684,1.03,44.235,0.4,44.23,0.39,44.23,0.39
0.29683132333647944,44.237,1.02,43.914,1.02,44.262,1.02,44.567,1.03,44.45,1.03,44.684,1.03,44.236,0.4,44.23,0.39,44.23,0.39
0.3168317811001513,44.237,1.02,43.914,1.02,44.262,1.02,44.567,1.03,44.45,1.03,44.684,1.03,44.236,0.4,44.23,0.39,44.23,0.39
0.33683223886382313,44.237,1.02,43.914,1.02,44.262,1.02,44.567,1.03,44.45,1.03,44.684,1.03,44.236,0.4,44.23,0.39,44.23,0.39
0.35683078927886225,44.237,1.02,43.914,1.02,44.262,1.02,44.567,1.03,44.45,1.03,44.684,1.03,44.236,0.4,44.23,0.39,44.23,0.39
0.3768312470425341,44.237,1.02,43.914,1.02,44.262,1.02,44.567,1.03,44.45,1.03,44.684,1.03,44.236,0.4,44.23,0.39,44.23,0.39
0.396831704806206,44.237,1.02,43.914,1.02,44.262,1.02,44.567,1.03,44.45,1.03,44.684,1.03,44.236,0.4,44.23,0.39,44.23,0.39
0.4168321625698778,44.237,1.02,43.914,1.02,44.262,1.02,44.567,1.03,44.45,1.03,44.684,1.03,44.236,0.4,44.23,0.39,44.23,0.39
0.4368307129849169,44.237,1.02,43.914,1.02,44.262,1.02,44.567,1.03,44.45,1.03,44.684,1.03,44.236,0.4,44.23,0.39,44.23,0.39
0.4568311707485888,44.237,1.02,43.914,1.02,44.262,1.02,44.567,1.03,44.45,1.03,44.684,1.03,44.236,0.4,44.23,0.39,44.23,0.39
0.4768316285122607,44.237,1.02,43.914,1.02,44.262,1.02,44.567,1.03,44.45,1.03,44.684,1.03,44.236,0.4,44.23,0.39,44.23,0.39
0.49683208627593256,44.237,1.02,43.914,1.02,44.262,1.02,44.567,1.03,44.45,1.03,44.684,1.03,44.236,0.4,44.23,0.39,44.23,0.39
0.5168325440396044,44.237,1.02,43.914,1.02,44.262,1.02,44.567,1.03,44.45,1.03,44.684,1.03,44.236,0.4,44.23,0.39,44.23,0.39
0.5368310944546435,44.237,1.02,43.914,1.02,44.262,1.02,44.567,1.03,44.45,1.03,44.684,1.03,44.236,0.4,44.23,0.39,44.23,0.39
0.5568315522183154,44.237,1.02,43.914,1.02,44.262,1.02,44.567,1.03,44.45,1.03,44.684,1.03,44.236,0.4,44.23,0.39,44.23,0.39
0.5768320099819872,44.237,1.02,43.914,1.02,44.262,1.02,44.567,1.03,44.45,1.03,44.684,1.03,44.235,0.4,44.23,0.39,44.23,0.39
0.5968324677456591,44.237,1.02,43.914,1.02,44.262,1.02,44.567,1.03,44.45,1.03,44.684,1.03,44.235,0.4,44.23,0.39,44.23,0.39
0.6168310181606981,44.237,1.02,43.914,1.02,44.262,1.02,44.567,1.03,44.45,1.03,44.684,1.03,44.235,0.4,44.23,0.39,44.23,0.39
0.6368314759243701,44.237,1.02,43.914,1.02,44.262,1.02,44.567,1.03,44.45,1.03,44.684,1.03,44.234,0.39,44.23,0.39,44.23,0.39
0.6568319336880419,44.237,1.02,43.914,1.02,44.262,1.02,44.567,1.03,44.45,1.03,44.684,1.03,44.234,0.39,44.23,0.39,44.23,0.39
0.6768323914517138,44.237,1.02,43.914,1.02,44.262,1.02,44.567,1.03,44.45,1.03,44.684,1.03,44.233,0.39,44.23,0.39,44.23,0.39
0.6968309418667529,44.237,1.02,43.914,1.02,44.262,1.02,44.567,1.03,44.45,1.03,44.684,1.03,44.233,0.39,44.23,0.39,44.23,0.39
0.7168313996304247,44.237,1.02,43.914,1.02,44.262,1.02,44.567,1.03,44.45,1.03,44.684,1.03,44.232,0.39,44.23,0.39,44.23,0.39
0.7368318573940966,44.237,1.02,43.914,1.02,44.262,1.02,44.567,1.03,44.45,1.03,44.684,1.03,44.232,0.39,44.23,0.39,44.23,0.39
0.7568323151577685,44.237,1.02,43.914,1.02,44.262,1.02,44.567,1.03,44.45,1.03,44.684,1.03,44.231,0.39,44.23,0.39,44.23,0.39
0.7768308655728076,44.237,1.02,43.914,1.02,44.262,1.02,44.567,1.03,44.45,1.03,44.684,1.03,44.23,0.39,44.23,0.39,44.23,0.39
0.7968313233364794,44.237,1.02,43.914,1.02,44.262,1.02,44.567,1.03,44.45,1.03,44.684,1.03,44.231,0.39,44.23,0.39,44.23,0.39
0.8168317811001513,44.237,1.02,43.914,1.02,44.262,1.02,44.567,1.03,44.45,1.03,44.684,1.03,44.232,0.39,44.23,0.39,44.23,0.39
0.8368322388638231,44.237,1.02,43.914,1.02,44.262,1.02,44.567,1.03,44.45,1.03,44.684,1.03,44.233,0.39,44.23,0.39,44.23,0.39
0.8568307892788622,44.237,1.02,43.914,1.02,44.262,1.02,44.567,1.03,44.45,1.03,44.684,1.03,44.234,0.39,44.23,0.39,44.23,0.39
0.8768312470425341,44.237,1.02,43.914,1.02,44.262,1.02,44.567,1.03,44.45,1.03,44.684,1.03,44.235,0.4,44.23,0.39,44.23,0.39
0.896831704806206,44.237,1.02,43.914,1.02,44.262,1.02,44.567,1.03,44.45,1.03,44.684,1.03,44.236,0.4,44.23,0.39,44.23,0.39
0.9168321625698779,44.237,1.02,43.914,1.02,44.262,1.02,44.567,1.03,44.45,1.03,44.684,1.03,44.236,0.4,44.23,0.39,44.23,0.39
0.9368307129849169,44.237,1.02,43.914,1.02,44.262,1.02,44.567,1.03,44.45,1.03,44.684,1.03,44.237,0.4,44.23,0.39,44.231,0.39
0.9568311707485888,44.237,1.02,43.914,1.02,44.262,1.02,44.567,1.03,44.45,1.03,44.684,1.03,44.238,0.4,44.23,0.39,44.231,0.39
0.9768316285122607,44.237,1.02,43.914,1.02,44.262,1.02,44.567,1.03,44.45,1.03,44.684,1.03,44.238,0.4,44.23,0.39,44.231,0.39
0.9968320862759326,44.237,1.02,43.914,1.02,44.262,1.02,44.567,1.03,44.45,1.03,44.684,1.03,44.239,0.4,44.23,0.39,44.231,0.39
1.0168325440396044,44.237,1.02,43.914,1.02,44.262,1.02,44.567,1.03,44.45,1.03,44.684,1.03,44.239,0.4,44.23,0.39,44.231,0.39
1.0368310944546435,44.237,1.02,43.914,1.02,44.262,1.02,44.567,1.03,44.45,1.03,44.684,1.03,44.24,0.4,44.23,0.39,44.231,0.39
1.0568315522183154,44.237,1.02,43.914,1.02,44.262,1.02,44.567,1.03,44.45,1.03,44.684,1.03,44.24,0.4,44.23,0.39,44.231,0.39
1.0768320099819872,44.237,1.02,43.914,1.02,44.262,1.02,44.567,1.03,44.45,1.03,44.684,1.03,44.241,0.4,44.23,0.39,44.232,0.39
1.0968324677456591,44.237,1.02,43.914,1.02,44.262,1.02,44.567,1.03,44.45,1.03,44.684,1.03,44.241,0.4,44.23,0.39,44.232,0.39
1.1168310181606982,44.237,1.02,43.914,1.02,44.262,1.02,44.567,1.03,44.45,1.03,44.684,1.03,44.241,0.4,44.23,0.39,44.232,0.39
1.13683147592437,44.237,1.02,43.914,1.02,44.262,1.02,44.567,1.03,44.45,1.03,44.684,1.03,44.242,0.4,44.23,0.39,44.232,0.39
1.156831933688042,44.237,1.02,43.914,1.02,44.262,1.02,44.567,1.03,44.45,1.03,44.684,1.03,44.242,0.4,44.23,0.39,44.233,0.39
1.1768323914517138,44.237,1.02,43.914,1.02,44.262,1.02,44.567,1.03,44.45,1.03,44.684,1.03,44.242,0.4,44.23,0.39,44.234,0.39
1.1968309418667529,44.237,1.02,43.914,1.02,44.262,1.02,44.567,1.03,44.45,1.03,44.684,1.03,44.242,0.4,44.23,0.39,44.235,0.39
1.2168313996304247,44.237,1.02,43.914,1.02,44.262,1.02,44.567,1.03,44.45,1.03,44.684,1.03,44.243,0.4,44.23,0.39,44.236,0.38
1.2368318573940966,44.237,1.02,43.914,1.02,44.262,1.02,44.567,1.03,44.45,1.03,44.684,1.03,44.243,0.4,44.23,0.39,44.238,0.38
1.2568323151577685,44.237,1.02,43.914,1.02,44.262,1.02,44.567,1.03,44.45,1.03,44.684,1.03,44.243,0.4,44.23,0.39,44.24,0.38
1.2768308655728076,44.237,1.02,43.914,1.02,44.262,1.02,44.567,1.03,44.45,1.03,44.684,1.03,44.243,0.4,44.23,0.39,44.243,0.38
1.2968313233364794,44.237,1.02,43.914,1.02,44.262,1.02,44.567,1.03,44.45,1.03,44.684,1.03,44.243,0.4,44.23,0.39,44.246,0.37
1.3168317811001513,44.237,1.02,43.914,1.02,44.262,1.02,44.567,1.03,44.45,1.03,44.684,1.03,44.243,0.4,44.23,0.39,44.25,0.37
1.3368322388638232,44.237,1.02,43.914,1.02,44.262,1.02,44.567,1.03,44.45,1.03,44.684,1.03,44.243,0.4,44.23,0.39,44.253,0.36
1.3568307892788622,44.237,1.02,43.914,1.02,44.262,1.02,44.567,1.03,44.45,1.03,44.684,1.03,44.243,0.4,44.23,0.39,44.259,0.36
1.3768312470425341,44.237,1.02,43.914,1.02,44.262,1.02,44.567,1.03,44.45,1.03,44.684,1.03,44.242,0.4,44.23,0.39,44.268,0.35
1.396831704806206,44.237,1.02,43.914,1.02,44.262,1.02,44.567,1.03,44.45,1.03,44.684,1.03,44.242,0.4,44.23,0.39,44.277,0.34
1.4168321625698779,44.237,1.02,43.914,1.02,44.262,1.02,44.567,1.03,44.45,1.03,44.684,1.03,44.242,0.4,44.23,0.39,44.286,0.33
1.436830712984917,44.237,1.02,43.914,1.02,44.262,1.02,44.567,1.03,44.45,1.03,44.684,1.03,44.242,0.4,44.23,0.39,44.295,0.32
1.4568311707485888,44.237,1.02,43.914,1.02,44.262,1.02,44.567,1.03,44.45,1.03,44.684,1.03,44.242,0.4,44.23,0.39,44.309,0.31
1.4768316285122607,44.237,1.02,43.914,1.02,44.262,1.02,44.567,1.03,44.45,1.03,44.684,1.03,44.242,0.4,44.23,0.39,44.329,0.3
1.4968320862759326,44.237,1.02,43.914,1.02,44.262,1.02,44.567,1.03,44.45,1.03,44.684,1.03,44.242,0.39,44.23,0.39,44.348,0.29
1.5168325440396044,44.237,1.02,43.914,1.02,44.262,1.02,44.567,1.03,44.45,1.03,44.684,1.03,44.242,0.39,44.23,0.39,44.368,0.28
1.5368310944546435,44.237,1.02,43.914,1.02,44.262,1.02,44.567,1.03,44.45,1.03,44.684,1.03,44.243,0.39,44.23,0.39,44.387,0.27
1.5568315522183154,44.237,1.02,43.914,1.02,44.262,1.02,44.567,1.03,44.45,1.03,44.684,1.03,44.244,0.39,44.23,0.39,44.414,0.26
1.5768320099819872,44.237,1.02,43.914,1.02,44.262,1.02,44.567,1.03,44.45,1.03,44.684,1.03,44.247,0.39,44.23,0.39,44.449,0.25
1.5968324677456591,44.237,1.02,43.914,1.02,44.262,1.02,44.567,1.03,44.45,1.03,44.684,1.03,44.25,0.38,44.23,0.39,44.483,0.24
1.6168310181606982,44.237,1.02,43.914,1.02,44.262,1.02,44.567,1.03,44.45,1.03,44.684,1.03,44.256,0.38,44.23,0.39,44.518,0.24
1.63683147592437,44.237,1.02,43.914,1.02,44.262,1.02,44.567,1.03,44.45,1.03,44.684,1.03,44.264,0.37,44.23,0.39,44.552,0.23
1.656831933688042,44.237,1.02,43.914,1.02,44.262,1.02,44.567,1.03,44.45,1.03,44.684,1.03,44.275,0.36,44.23,0.39,44.593,0.23
1.6768323914517138,44.237,1.02,43.914,1.02,44.262,1.02,44.567,1.03,44.45,1.03,44.684,1.03,44.289,0.35,44.23,0.39,44.64,0.23
1.6968309418667529,44.237,1.02,43.914,1.02,44.262,1.02,44.567,1.03,44.45,1.03,44.684,1.03,44.306,0.33,44.23,0.39,44.687,0.23
1.7168313996304247,44.237,1.02,43.914,1.02,44.262,1.02,44.567,1.03,44.45,1.03,44.684,1.03,44.326,0.32,44.23,0.39,44.735,0.23
1.7368318573940966,44.237,1.02,43.914,1.02,44.262,1.02,44.567,1.03,44.45,1.03,44.684,1.03,44.349,0.3,44.23,0.39,44.782,0.23
1.7568323151577685,44.237,1.02,43.914,1.02,44.262,1.02,44.567,1.03,44.45,1.03,44.684,1.03,44.375,0.28,44.23,0.39,44.831,0.23
1.7768308655728076,44.237,1.02,43.914,1.02,44.262,1.02,44.567,1.03,44.45,1.03,44.684,1.03,44.403,0.27,44.23,0.39,44.881,0.24
1.7968313233364794,44.242,1.02,43.919,1.02,44.268,1.02,44.573,1.03,44.456,1.03,44.69,1.03,44.449,0.26,44.237,0.39,44.932,0.24
1.8168317811001513,44.268,1.02,43.943,1.01,44.294,1.01,44.6,1.02,44.483,1.02,44.718,1.02,44.495,0.25,44.267,0.4,44.982,0.25
1.8368322388638232,44.294,1.01,43.967,1.0,44.319,1.0,44.627,1.01,44.51,1.01,44.745,1.01,44.54,0.24,44.297,0.4,45.032,0.26
1.8568307892788622,44.32,1.0,43.991,0.99,44.345,1.0,44.654,1.0,44.536,1.0,44.773,1.0,44.583,0.23,44.327,0.4,45.079,0.27
1.8768312470425341,44.346,1.0,44.015,0.98,44.37,0.99,44.681,0.99,44.563,0.99,44.801,1.0,44.625,0.22,44.356,0.4,45.122,0.28
1.896831704806206,44.372,0.99,44.04,0.97,44.396,0.98,44.708,0.98,44.589,0.98,44.829,0.99,44.665,0.22,44.386,0.4,45.166,0.28
1.9168321625698779,44.398,0.98,44.064,0.96,44.422,0.97,44.735,0.97,44.616,0.97,44.856,0.98,44.702,0.21,44.416,0.4,45.209,0.29
1.936830712984917,44.424,0.98,44.088,0.96,44.447,0.96,44.762,0.96,44.643,0.96,44.884,0.97,44.737,0.21,44.446,0.41,45.252,0.3
1.9568311707485888,44.45,0.97,44.112,0.95,44.473,0.95,44.789,0.96,44.669,0.96,44.912,0.96,44.77,0.21,44.476,0.41,45.292,0.31
1.9768316285122607,44.475,0.96,44.136,0.94,44.498,0.94,44.816,0.95,44.696,0.95,44.939,0.95,44.8,0.21,44.506,0.41,45.328,0.32
1.9968320862759326,44.501,0.96,44.16,0.93,44.524,0.93,44.843,0.94,44.722,0.94,44.967,0.94,44.828,0.21,44.536,0.41,45.364,0.33
2.0168325440396044,44.527,0.95,44.184,0.92,44.549,0.92,44.869,0.93,44.749,0.93,44.995,0.93,44.853,0.21,44.565,0.41,45.4,0.34
2.0368310944546435,44.553,0.94,44.208,0.91,44.575,0.91,44.896,0.92,44.775,0.92,45.023,0.92,44.876,0.21,44.595,0.41,45.436,0.35
2.0568315522183154,44.579,0.93,44.232,0.9,44.601,0.9,44.923,0.91,44.802,0.91,45.05,0.92,44.897,0.21,44.625,0.42,45.468,0.36
2.0768320099819872,44.605,0.93,44.256,0.89,44.626,0.89,44.95,0.9,44.829,0.9,45.078,0.91,44.916,0.21,44.655,0.42,45.496,0.37
2.096832467745659,44.631,0.92,44.28,0.88,44.652,0.88,44.977,0.89,44.855,0.89,45.106,0.9,44.933,0.22,44.685,0.42,45.524,0.38
2.116831018160698,44.657,0.91,44.305,0.87,44.677,0.87,45.004,0.88,44.882,0.88,45.133,0.89,44.948,0.22,44.715,0.42,45.552,0.39
2.13683147592437,44.682,0.91,44.329,0.86,44.703,0.86,45.031,0.87,44.908,0.87,45.161,0.88,44.962,0.23,44.744,0.42,45.58,0.4
2.156831933688042,44.708,0.9,44.353,0.85,44.729,0.85,45.058,0.86,44.935,0.86,45.189,0.87,44.974,0.24,44.774,0.42,45.605,0.4
2.176832391451714,44.734,0.89,44.377,0.84,44.754,0.84,45.085,0.85,44.962,0.85,45.217,0.86,44.985,0.24,44.804,0.43,45.625,0.41
2.196830941866753,44.76,0.88,44.401,0.83,44.78,0.83,45.112,0.84,44.988,0.84,45.244,0.85,44.995,0.25,44.834,0.43,45.645,0.42
2.2168313996304247,44.786,0.88,44.425,0.82,44.805,0.82,45.138,0.83,45.015,0.83,45.272,0.84,45.005,0.26,44.864,0.43,45.666,0.43
2.2368318573940966,44.812,0.87,44.449,0.81,44.831,0.81,45.165,0.82,45.041,0.82,45.3,0.83,45.014,0.27,44.894,0.43,45.686,0.44
2.2568323151577685,44.838,0.86,44.473,0.8,44.856,0.8,45.192,0.81,45.068,0.81,45.327,0.82,45.022,0.28,44.924,0.43,45.703,0.45
2.2768308655728076,44.864,0.85,44.497,0.78,44.882,0.78,45.219,0.79,45.095,0.8,45.355,0.81,45.031,0.29,44.953,0.43,45.716,0.45
2.2968313233364794,44.889,0.85,44.521,0.77,44.908,0.77,45.246,0.78,45.121,0.79,45.383,0.8,45.039,0.3,44.983,0.44,45.729,0.46
2.3168317811001513,44.915,0.84,44.545,0.76,44.933,0.76,45.273,0.77,45.148,0.78,45.411,0.79,45.047,0.31,45.013,0.44,45.743,0.47
2.336832238863823,44.941,0.83,44.57,0.75,44.959,0.75,45.3,0.76,45.174,0.77,45.438,0.77,45.055,0.32,45.043,0.44,45.756,0.47
2.3568307892788622,44.967,0.82,44.594,0.74,44.984,0.74,45.327,0.75,45.201,0.75,45.466,0.76,45.064,0.34,45.073,0.44,45.767,0.48
2.376831247042534,44.993,0.81,44.618,0.73,45.01,0.72,45.354,0.74,45.227,0.74,45.494,0.75,45.073,0.35,45.103,0.44,45.775,0.48
2.396831704806206,45.019,0.81,44.642,0.71,45.036,0.71,45.381,0.72,45.254,0.73,45.521,0.74,45.082,0.36,45.132,0.45,45.782,0.49
2.416832162569878,45.045,0.8,44.666,0.7,45.061,0.7,45.407,0.71,45.281,0.72,45.549,0.73,45.092,0.37,45.162,0.45,45.79,0.5
2.436830712984917,45.071,0.79,44.69,0.69,45.087,0.69,45.434,0.7,45.307,0.71,45.577,0.72,45.103,0.38,45.192,0.45,45.798,0.5
2.456831170748589,45.096,0.78,44.714,0.68,45.112,0.67,45.461,0.69,45.334,0.7,45.605,0.71,45.114,0.4,45.222,0.45,45.804,0.51
2.4768316285122607,45.122,0.77,44.738,0.66,45.138,0.66,45.488,0.67,45.36,0.68,45.632,0.69,45.126,0.41,45.252,0.45,45.807,0.51
2.4968320862759326,45.148,0.76,44.762,0.65,45.163,0.65,45.515,0.66,45.387,0.67,45.66,0.68,45.138,0.42,45.282,0.46,45.811,0.51
2.516831590365288,45.174,0.75,44.786,0.64,45.189,0.63,45.542,0.65,45.414,0.66,45.688,0.67,45.152,0.43,45.312,0.46,45.814,0.52
2.53683204812896,45.2,0.75,44.81,0.62,45.215,0.62,45.569,0.63,45.44,0.64,45.715,0.66,45.166,0.44,45.341,0.46,45.818,0.52
2.5568315522183154,45.226,0.74,44.834,0.61,45.24,0.6,45.596,0.62,45.467,0.63,45.743,0.64,45.18,0.46,45.371,0.46,45.819,0.53
2.5768320099819872,45.252,0.73,44.859,0.59,45.266,0.59,45.623,0.6,45.493,0.62,45.771,0.63,45.196,0.47,45.401,0.46,45.819,0.53
2.5968315140713427,45.278,0.72,44.883,0.58,45.291,0.57,45.65,0.59,45.52,0.6,45.799,0.62,45.212,0.48,45.431,0.47,45.819,0.53
2.6168319718350146,45.304,0.71,44.907,0.56,45.317,0.56,45.676,0.57,45.547,0.59,45.826,0.6,45.228,0.49,45.461,0.47,45.819,0.54
2.63683147592437,45.329,0.7,44.931,0.55,45.342,0.54,45.703,0.56,45.573,0.57,45.854,0.59,45.246,0.5,45.491,0.47,45.819,0.54
2.656831933688042,45.355,0.69,44.955,0.53,45.368,0.52,45.73,0.54,45.6,0.56,45.882,0.57,45.263,0.51,45.52,0.47,45.818,0.54
2.6768314377773974,45.381,0.68,44.979,0.52,45.394,0.51,45.757,0.53,45.626,0.54,45.909,0.56,45.282,0.51,45.55,0.47,45.815,0.55
2.6968318955410693,45.407,0.67,45.003,0.5,45.419,0.49,45.784,0.51,45.653,0.53,45.937,0.54,45.3,0.52,45.58,0.48,45.812,0.55
2.7168313996304247,45.433,0.66,45.027,0.48,45.445,0.47,45.811,0.49,45.679,0.51,45.965,0.53,45.32,0.53,45.588,0.48,45.809,0.55
2.7368318573940966,45.459,0.65,45.051,0.46,45.47,0.45,45.838,0.47,45.706,0.49,45.993,0.51,45.339,0.54,45.593,0.49,45.806,0.56
2.756831361483452,45.485,0.64,45.075,0.44,45.496,0.43,45.865,0.45,45.733,0.47,46.02,0.49,45.359,0.55,45.598,0.49,45.802,0.56
2.776831819247124,45.511,0.63,45.099,0.42,45.522,0.41,45.892,0.43,45.759,0.46,46.048,0.48,45.38,0.55,45.603,0.5,45.797,0.56
2.7968313233364794,45.536,0.62,45.124,0.4,45.547,0.38,45.919,0.41,45.786,0.44,46.076,0.46,45.401,0.56,45.608,0.5,45.792,0.56
2.8168317811001513,45.562,0.61,45.148,0.38,45.573,0.36,45.945,0.39,45.812,0.42,46.103,0.44,45.422,0.56,45.613,0.51,45.787,0.57
2.836831285189507,45.588,0.6,45.172,0.35,45.598,0.33,45.972,0.37,45.839,0.4,46.131,0.42,45.443,0.57,45.618,0.51,45.782,0.57
2.8568317429531787,45.614,0.59,45.196,0.33,45.624,0.31,45.999,0.34,45.866,0.37,46.159,0.4,45.465,0.58,45.624,0.52,45.776,0.57
2.876831247042534,45.64,0.58,45.22,0.3,45.649,0.27,46.026,0.32,45.892,0.35,46.187,0.38,45.487,0.58,45.629,0.53,45.769,0.57
2.896831704806206,45.666,0.56,45.244,0.27,45.675,0.24,46.053,0.29,45.919,0.32,46.214,0.35,45.51,0.59,45.634,0.53,45.763,0.57
2.9168312088955615,45.692,0.55,45.268,0.24,45.701,0.2,46.08,0.26,45.945,0.3,46.242,0.33,45.534,0.59,45.639,0.54,45.756,0.58
2.9368316666592333,45.718,0.54,45.27,0.24,45.709,0.19,46.094,0.25,45.966,0.29,46.269,0.33,45.558,0.6,45.644,0.54,45.749,0.58
2.956831170748589,45.743,0.53,45.273,0.24,45.718,0.19,46.109,0.24,45.99,0.29,46.298,0.32,45.583,0.6,45.649,0.55,45.742,0.58
2.9768316285122607,45.769,0.52,45.277,0.24,45.728,0.18,46.124,0.24,46.016,0.28,46.328,0.33,45.608,0.61,45.654,0.56,45.734,0.58
2.9968320862759326,45.759,0.54,45.282,0.24,45.738,0.17,46.139,0.23,46.042,0.28,46.356,0.33,45.632,0.61,45.66,0.56,45.726,0.58
3.016831590365288,45.751,0.56,45.288,0.24,45.749,0.17,46.153,0.23,46.068,0.29,46.382,0.33,45.654,0.62,45.665,0.57,45.717,0.58
3.03683204812896,45.748,0.58,45.293,0.23,45.759,0.16,46.167,0.23,46.093,0.29,46.404,0.33,45.675,0.63,45.671,0.58,45.711,0.58
3.0568315522183154,45.747,0.6,45.298,0.23,45.768,0.16,46.178,0.23,46.113,0.29,46.417,0.33,45.692,0.63,45.675,0.58,45.704,0.58
3.0768320099819872,45.745,0.61,45.302,0.23,45.775,0.16,46.188,0.22,46.122,0.29,46.422,0.33,45.704,0.62,45.678,0.58,45.697,0.58
3.0968315140713427,45.741,0.6,45.304,0.23,45.779,0.15,46.194,0.22,46.119,0.28,46.419,0.32,45.711,0.62,45.681,0.58,45.692,0.58
3.1168319718350146,45.731,0.6,45.305,0.23,45.781,0.15,46.197,0.22,46.107,0.28,46.41,0.32,45.714,0.61,45.682,0.58,45.688,0.58
3.13683147592437,45.728,0.59,45.302,0.23,45.78,0.15,46.197,0.21,46.089,0.28,46.399,0.32,45.714,0.61,45.682,0.58,45.685,0.58
3.156831933688042,45.722,0.59,45.298,0.22,45.775,0.14,46.193,0.21,46.07,0.28,46.386,0.32,45.711,0.6,45.681,0.58,45.681,0.58
3.1768314377773974,45.714,0.58,45.29,0.22,45.768,0.14,46.186,0.2,46.049,0.27,46.373,0.32,45.706,0.59,45.678,0.58,45.678,0.58
3.1968318955410693,45.705,0.58,45.279,0.22,45.758,0.14,46.177,0.2,46.029,0.27,46.36,0.32,45.699,0.59,45.673,0.57,45.673,0.57
3.2168313996304247,45.695,0.57,45.266,0.22,45.746,0.13,46.166,0.2,46.009,0.27,46.348,0.32,45.691,0.58,45.668,0.57,45.668,0.57
3.2368318573940966,45.684,0.57,45.251,0.21,45.732,0.13,46.154,0.2,45.988,0.27,46.335,0.32,45.681,0.57,45.66,0.57,45.66,0.57
3.256831361483452,45.672,0.56,45.235,0.21,45.718,0.13,46.141,0.2,45.967,0.27,46.32,0.32,45.67,0.57,45.651,0.56,45.651,0.56
3.276831819247124,45.66,0.56,45.218,0.21,45.702,0.13,46.127,0.2,45.948,0.27,46.305,0.32,45.658,0.56,45.642,0.56,45.642,0.56
3.2968313233364794,45.648,0.56,45.203,0.21,45.688,0.13,46.114,0.2,45.93,0.28,46.288,0.32,45.646,0.56,45.634,0.56,45.634,0.56
3.3168317811001513,45.638,0.55,45.192,0.21,45.677,0.13,46.103,0.2,45.916,0.28,46.272,0.32,45.636,0.56,45.627,0.56,45.627,0.56
3.336831285189507,45.631,0.55,45.183,0.21,45.668,0.13,46.094,0.2,45.909,0.28,46.26,0.32,45.629,0.55,45.621,0.55,45.621,0.55
3.3568317429531787,45.626,0.55,45.178,0.2,45.662,0.13,46.087,0.2,45.91,0.28,46.252,0.32,45.625,0.55,45.617,0.55,45.617,0.55
3.376831247042534,45.624,0.55,45.175,0.2,45.659,0.13,46.083,0.2,45.914,0.28,46.247,0.32,45.623,0.55,45.614,0.55,45.614,0.55
3.396831704806206,45.622,0.55,45.174,0.2,45.657,0.13,46.081,0.2,45.918,0.28,46.242,0.32,45.621,0.55,45.609,0.55,45.609,0.55
3.4168312088955615,45.617,0.55,45.17,0.21,45.653,0.13,46.076,0.2,45.917,0.28,46.234,0.31,45.616,0.55,45.602,0.55,45.602,0.55
3.4368316666592333,45.609,0.55,45.162,0.21,45.644,0.13,46.066,0.2,45.906,0.28,46.222,0.32,45.608,0.55,45.592,0.55,45.592,0.55
3.456831170748589,45.596,0.55,45.15,0.21,45.631,0.13,46.052,0.2,45.889,0.28,46.205,0.32,45.594,0.54,45.581,0.55,45.581,0.55
3.4768316285122607,45.579,0.55,45.133,0.21,45.611,0.13,46.033,0.2,45.868,0.28,46.185,0.32,45.576,0.54,45.567,0.55,45.567,0.55
3.4968320862759326,45.558,0.55,45.114,0.21,45.588,0.13,46.01,0.2,45.845,0.28,46.164,0.32,45.554,0.54,45.551,0.55,45.551,0.55
3.516831590365288,45.536,0.54,45.094,0.21,45.563,0.13,45.985,0.2,45.822,0.29,46.142,0.32,45.531,0.54,45.532,0.55,45.532,0.55
3.53683204812896,45.513,0.54,45.074,0.21,45.536,0.13,45.958,0.2,45.798,0.29,46.121,0.32,45.506,0.54,45.51,0.55,45.51,0.55
3.5568315522183154,45.49,0.54,45.054,0.21,45.509,0.13,45.932,0.2,45.776,0.29,46.1,0.32,45.481,0.54,45.486,0.55,45.486,0.55
3.5768320099819872,45.469,0.55,45.035,0.21,45.483,0.14,45.906,0.2,45.756,0.29,46.081,0.33,45.458,0.54,45.463,0.55,45.463,0.55
3.5968315140713427,45.45,0.55,45.017,0.21,45.459,0.14,45.884,0.21,45.738,0.29,46.064,0.33,45.437,0.54,45.44,0.55,45.44,0.55
3.6168319718350146,45.434,0.55,45.002,0.21,45.44,0.14,45.865,0.21,45.722,0.3,46.047,0.33,45.42,0.54,45.418,0.55,45.418,0.55
3.63683147592437,45.421,0.54,44.988,0.21,45.423,0.14,45.848,0.21,45.706,0.3,46.031,0.33,45.405,0.54,45.399,0.55,45.399,0.55
3.656831933688042,45.408,0.54,44.977,0.21,45.408,0.14,45.832,0.21,45.692,0.3,46.014,0.33,45.391,0.53,45.381,0.55,45.381,0.55
3.6768314377773974,45.394,0.54,44.966,0.21,45.394,0.14,45.815,0.21,45.678,0.3,45.998,0.33,45.377,0.53,45.365,0.54,45.365,0.54
3.6968318955410693,45.381,0.54,44.956,0.21,45.38,0.14,45.799,0.21,45.665,0.3,45.982,0.33,45.363,0.54,45.352,0.54,45.352,0.54
3.7168313996304247,45.369,0.55,44.946,0.21,45.367,0.14,45.784,0.21,45.653,0.3,45.966,0.33,45.35,0.54,45.34,0.54,45.34,0.54
3.7368318573940966,45.359,0.55,44.938,0.21,45.356,0.15,45.77,0.21,45.641,0.3,45.95,0.33,45.339,0.54,45.331,0.54,45.331,0.54
3.756831361483452,45.352,0.54,44.932,0.21,45.346,0.15,45.758,0.22,45.63,0.3,45.934,0.33,45.33,0.53,45.323,0.54,45.323,0.54
3.776831819247124,45.347,0.54,44.926,0.21,45.337,0.15,45.746,0.22,45.619,0.31,45.919,0.33,45.323,0.53,45.315,0.54,45.315,0.54
3.7968313233364794,45.341,0.53,44.92,0.21,45.328,0.15,45.734,0.22,45.607,0.31,45.902,0.33,45.316,0.53,45.307,0.54,45.307,0.54
3.8168317811001513,45.333,0.53,44.914,0.21,45.317,0.15,45.72,0.22,45.595,0.31,45.885,0.33,45.306,0.53,45.3,0.54,45.3,0.54
3.836831285189507,45.322,0.53,44.907,0.21,45.306,0.15,45.705,0.22,45.581,0.31,45.866,0.33,45.294,0.53,45.293,0.53,45.293,0.53
3.8568317429531787,45.309,0.53,44.899,0.21,45.294,0.15,45.688,0.21,45.567,0.31,45.846,0.33,45.281,0.52,45.287,0.53,45.287,0.53
3.876831247042534,45.296,0.53,44.892,0.21,45.282,0.15,45.671,0.21,45.552,0.3,45.825,0.33,45.268,0.52,45.28,0.53,45.28,0.53
3.896831704806206,45.284,0.52,44.885,0.21,45.271,0.15,45.654,0.21,45.536,0.3,45.806,0.32,45.256,0.52,45.272,0.52,45.272,0.52
3.9168312088955615,45.273,0.52,44.878,0.21,45.26,0.15,45.638,0.21,45.521,0.3,45.788,0.32,45.245,0.52,45.265,0.52,45.265,0.52
3.9368316666592333,45.264,0.52,44.873,0.21,45.251,0.15,45.623,0.21,45.506,0.29,45.77,0.32,45.234,0.51,45.258,0.51,45.258,0.51
3.956831170748589,45.255,0.51,44.868,0.21,45.244,0.15,45.609,0.21,45.491,0.29,45.753,0.31,45.225,0.51,45.251,0.51,45.251,0.51
3.9768316285122607,45.248,0.51,44.865,0.21,45.237,0.15,45.599,0.2,45.476,0.29,45.737,0.31,45.216,0.5,45.245,0.51,45.245,0.51
3.9968320862759326,45.241,0.5,44.864,0.21,45.232,0.15,45.59,0.2,45.462,0.28,45.722,0.31,45.209,0.5,45.239,0.5,45.239,0.5
4.016831590365288,45.236,0.5,44.862,0.21,45.228,0.15,45.583,0.2,45.449,0.28,45.711,0.31,45.204,0.5,45.235,0.5,45.235,0.5
4.03683204812896,45.232,0.49,44.861,0.21,45.224,0.15,45.578,0.2,45.438,0.28,45.705,0.31,45.199,0.49,45.231,0.49,45.231,0.49
4.056831552218315,45.229,0.49,44.861,0.22,45.222,0.15,45.574,0.2,45.431,0.29,45.705,0.32,45.197,0.49,45.228,0.49,45.228,0.49
4.076832009981987,45.228,0.49,44.861,0.22,45.22,0.15,45.572,0.21,45.429,0.29,45.711,0.32,45.196,0.49,45.228,0.49,45.228,0.49
4.096831514071343,45.229,0.49,44.862,0.22,45.22,0.15,45.572,0.21,45.434,0.29,45.725,0.32,45.198,0.49,45.229,0.49,45.229,0.49
4.116831971835015,45.232,0.49,44.864,0.22,45.222,0.15,45.576,0.21,45.442,0.29,45.743,0.32,45.202,0.49,45.232,0.49,45.232,0.49
4.13683147592437,45.237,0.49,44.868,0.22,45.227,0.15,45.584,0.21,45.451,0.29,45.762,0.32,45.21,0.49,45.237,0.49,45.237,0.49
4.156831933688042,45.245,0.49,44.873,0.22,45.236,0.16,45.598,0.21,45.462,0.29,45.783,0.32,45.22,0.49,45.245,0.49,45.245,0.49
4.176831437777397,45.254,0.5,44.88,0.22,45.249,0.16,45.616,0.21,45.474,0.29,45.805,0.32,45.234,0.49,45.254,0.5,45.254,0.5
4.196831895541069,45.266,0.5,44.888,0.23,45.265,0.16,45.636,0.22,45.485,0.29,45.826,0.32,45.25,0.5,45.266,0.5,45.266,0.5
4.216831399630425,45.279,0.5,44.897,0.23,45.284,0.16,45.659,0.22,45.498,0.29,45.845,0.32,45.268,0.5,45.279,0.5,45.279,0.5
4.236831857394097,45.293,0.51,44.908,0.23,45.305,0.16,45.682,0.22,45.51,0.29,45.862,0.32,45.287,0.51,45.293,0.51,45.293,0.51
4.256831361483452,45.308,0.51,44.919,0.23,45.327,0.17,45.705,0.22,45.52,0.29,45.875,0.32,45.305,0.51,45.308,0.51,45.308,0.51
4.276831819247124,45.322,0.51,44.931,0.23,45.347,0.17,45.726,0.22,45.529,0.29,45.887,0.32,45.322,0.51,45.322,0.51,45.322,0.51
4.296831323336479,45.336,0.51,44.943,0.23,45.365,0.17,45.742,0.22,45.536,0.29,45.897,0.31,45.336,0.51,45.336,0.51,45.336,0.51
4.316831781100151,45.348,0.52,44.954,0.23,45.378,0.17,45.756,0.22,45.541,0.29,45.905,0.31,45.348,0.52,45.348,0.51,45.348,0.51
4.336831285189507,45.36,0.52,44.963,0.23,45.389,0.17,45.767,0.22,45.545,0.29,45.912,0.32,45.357,0.52,45.359,0.52,45.359,0.52
4.356831742953179,45.369,0.52,44.97,0.23,45.396,0.17,45.775,0.22,45.549,0.29,45.919,0.32,45.364,0.52,45.368,0.52,45.368,0.52
4.376831247042534,45.377,0.52,44.976,0.23,45.402,0.17,45.78,0.22,45.553,0.29,45.925,0.32,45.368,0.52,45.376,0.52,45.376,0.52
4.396831704806206,45.383,0.52,44.98,0.23,45.405,0.17,45.783,0.22,45.557,0.29,45.931,0.32,45.372,0.52,45.383,0.52,45.383,0.52
4.4168312088955615,45.388,0.52,44.984,0.23,45.407,0.17,45.784,0.22,45.56,0.29,45.936,0.32,45.373,0.52,45.388,0.52,45.388,0.52
4.436831666659233,45.392,0.52,44.987,0.23,45.409,0.17,45.785,0.22,45.562,0.29,45.94,0.32,45.374,0.52,45.391,0.52,45.391,0.52
4.456831170748589,45.394,0.52,44.989,0.23,45.409,0.17,45.784,0.22,45.565,0.29,45.943,0.32,45.374,0.52,45.393,0.52,45.393,0.52
4.476831628512261,45.395,0.52,44.991,0.23,45.408,0.17,45.782,0.22,45.567,0.29,45.946,0.32,45.373,0.52,45.394,0.52,45.394,0.52
4.496832086275933,45.395,0.52,44.992,0.23,45.407,0.17,45.78,0.22,45.569,0.29,45.949,0.32,45.371,0.52,45.394,0.52,45.394,0.52
4.516831590365288,45.393,0.52,44.993,0.23,45.404,0.17,45.776,0.22,45.571,0.29,45.952,0.32,45.369,0.52,45.393,0.52,45.393,0.52
4.53683204812896,45.391,0.52,44.993,0.23,45.401,0.17,45.772,0.22,45.573,0.29,45.955,0.32,45.366,0.52,45.391,0.52,45.391,0.52
4.556831552218315,45.389,0.53,44.993,0.23,45.398,0.17,45.768,0.23,45.575,0.29,45.957,0.33,45.363,0.52,45.389,0.52,45.389,0.52
4.576832009981987,45.386,0.53,44.993,0.23,45.395,0.17,45.764,0.23,45.577,0.29,45.96,0.33,45.36,0.52,45.386,0.53,45.386,0.53
4.596831514071343,45.383,0.53,44.993,0.23,45.391,0.17,45.76,0.23,45.579,0.29,45.962,0.33,45.357,0.52,45.383,0.53,45.383,0.53
4.616831971835015,45.38,0.53,44.993,0.23,45.388,0.17,45.756,0.23,45.581,0.3,45.965,0.33,45.354,0.52,45.38,0.53,45.38,0.53
4.63683147592437,45.378,0.53,44.992,0.23,45.385,0.17,45.753,0.23,45.584,0.3,45.969,0.33,45.351,0.52,45.377,0.53,45.377,0.53
4.656831933688042,45.375,0.53,44.992,0.23,45.383,0.18,45.751,0.24,45.587,0.3,45.973,0.33,45.349,0.53,45.375,0.53,45.375,0.53
4.676831437777397,45.373,0.53,44.992,0.23,45.382,0.18,45.75,0.24,45.59,0.3,45.977,0.33,45.347,0.53,45.373,0.53,45.373,0.53
4.696831895541069,45.372,0.54,44.992,0.23,45.382,0.18,45.75,0.24,45.594,0.3,45.981,0.33,45.346,0.53,45.372,0.53,45.372,0.53
4.716831399630425,45.371,0.54,44.993,0.23,45.384,0.18,45.752,0.24,45.597,0.3,45.985,0.33,45.345,0.53,45.372,0.54,45.372,0.54
4.736831857394097,45.371,0.54,44.994,0.23,45.386,0.18,45.755,0.24,45.6,0.3,45.989,0.33,45.345,0.53,45.372,0.54,45.372,0.54
4.756831361483452,45.372,0.54,44.995,0.23,45.39,0.19,45.758,0.24,45.604,0.3,45.993,0.33,45.345,0.53,45.372,0.54,45.372,0.54
4.776831819247124,45.373,0.54,44.996,0.23,45.393,0.19,45.761,0.24,45.607,0.3,45.997,0.33,45.345,0.54,45.373,0.54,45.373,0.54
4.796831323336479,45.374,0.54,44.998,0.23,45.397,0.19,45.765,0.24,45.61,0.3,46.001,0.33,45.346,0.54,45.375,0.55,45.375,0.55
4.816831781100151,45.376,0.55,45.0,0.23,45.401,0.19,45.769,0.24,45.614,0.3,46.006,0.33,45.347,0.54,45.377,0.55,45.377,0.55
4.836831285189507,45.377,0.55,45.001,0.23,45.406,0.19,45.774,0.24,45.617,0.31,46.01,0.33,45.349,0.54,45.38,0.55,45.38,0.55
4.856831742953179,45.379,0.55,45.003,0.23,45.41,0.2,45.778,0.24,45.621,0.31,46.014,0.33,45.351,0.55,45.382,0.55,45.382,0.55
4.876831247042534,45.382,0.55,45.005,0.24,45.415,0.2,45.782,0.24,45.624,0.31,46.019,0.33,45.353,0.55,45.386,0.55,45.386,0.55
4.896831704806206,45.381,0.55,45.007,0.24,45.42,0.2,45.787,0.24,45.628,0.31,46.023,0.33,45.357,0.55,45.389,0.55,45.389,0.55
4.9168312088955615,45.383,0.55,45.01,0.24,45.425,0.2,45.791,0.25,45.631,0.31,46.027,0.33,45.36,0.55,45.394,0.56,45.394,0.56
4.936831666659233,45.385,0.55,45.012,0.24,45.43,0.2,45.796,0.25,45.633,0.31,46.03,0.33,45.364,0.56,45.398,0.56,45.398,0.56
4.956831170748589,45.387,0.55,45.015,0.24,45.436,0.2,45.801,0.25,45.635,0.31,46.032,0.33,45.369,0.56,45.403,0.56,45.403,0.56
4.976831628512261,45.383,0.54,45.018,0.24,45.441,0.2,45.805,0.25,45.63,0.31,46.026,0.33,45.373,0.56,45.408,0.56,45.408,0.56
4.996832086275933,45.384,0.54,45.021,0.24,45.447,0.2,45.809,0.25,45.631,0.31,46.027,0.33,45.378,0.56,45.413,0.56,45.413,0.56
5.016831590365288,45.379,0.54,45.021,0.24,45.449,0.2,45.811,0.25,45.623,0.31,46.019,0.33,45.381,0.56,45.416,0.56,45.416,0.56
5.03683204812896,45.38,0.54,45.024,0.24,45.452,0.2,45.813,0.25,45.623,0.31,46.02,0.33,45.384,0.56,45.419,0.56,45.419,0.56
5.056831552218315,45.374,0.53,45.02,0.24,45.448,0.2,45.809,0.25,45.614,0.31,46.01,0.33,45.382,0.56,45.417,0.56,45.417,0.56
5.076832009981987,45.374,0.53,45.021,0.24,45.449,0.2,45.809,0.25,45.614,0.31,46.01,0.33,45.384,0.56,45.419,0.56,45.419,0.56
5.096831514071343,45.367,0.53,45.013,0.24,45.441,0.2,45.801,0.25,45.604,0.31,46.001,0.33,45.378,0.56,45.413,0.55,45.413,0.55
5.116831971835015,45.367,0.53,45.013,0.24,45.441,0.2,45.801,0.25,45.604,0.31,46.001,0.33,45.378,0.55,45.414,0.55,45.414,0.55
5.13683147592437,45.359,0.52,45.004,0.24,45.432,0.2,45.792,0.25,45.594,0.31,45.991,0.33,45.37,0.55,45.406,0.55,45.406,0.55
5.156831933688042,45.359,0.52,45.004,0.24,45.432,0.2,45.792,0.25,45.594,0.31,45.991,0.33,45.371,0.55,45.406,0.55,45.406,0.55
5.176831437777397,45.35,0.52,44.994,0.24,45.422,0.2,45.782,0.25,45.584,0.31,45.981,0.33,45.362,0.55,45.397,0.55,45.397,0.55
5.196831895541069,45.341,0.52,44.984,0.24,45.412,0.2,45.772,0.25,45.574,0.31,45.971,0.33,45.352,0.55,45.388,0.55,45.388,0.55
5.216831399630425,45.341,0.52,44.984,0.24,45.412,0.2,45.772,0.25,45.574,0.31,45.971,0.33,45.352,0.55,45.388,0.55,45.388,0.55
5.236831857394097,45.331,0.52,44.974,0.24,45.402,0.2,45.762,0.25,45.564,0.31,45.961,0.33,45.342,0.55,45.378,0.55,45.378,0.55
5.256831361483452,45.321,0.52,44.964,0.24,45.392,0.2,45.752,0.25,45.554,0.31,45.951,0.33,45.333,0.55,45.368,0.55,45.368,0.55
5.276831819247124,45.311,0.52,44.954,0.24,45.382,0.2,45.742,0.25,45.544,0.31,45.941,0.33,45.323,0.55,45.358,0.55,45.358,0.55
5.296831323336479,45.301,0.52,44.944,0.24,45.372,0.2,45.732,0.25,45.534,0.31,45.931,0.33,45.313,0.55,45.348,0.55,45.348,0.55
5.316831781100151,45.301,0.52,44.944,0.24,45.372,0.2,45.732,0.25,45.534,0.31,45.931,0.33,45.313,0.55,45.348,0.55,45.348,0.55
5.336831285189507,45.291,0.52,44.934,0.24,45.362,0.2,45.722,0.25,45.524,0.31,45.921,0.33,45.303,0.55,45.338,0.55,45.338,0.55
5.356831742953179,45.281,0.52,44.924,0.24,45.352,0.2,45.712,0.25,45.514,0.31,45.911,0.33,45.293,0.55,45.328,0.55,45.328,0.55
5.376831247042534,45.271,0.52,44.914,0.24,45.342,0.2,45.702,0.25,45.504,0.31,45.901,0.33,45.283,0.55,45.318,0.55,45.318,0.55
5.396831704806206,45.251,0.52,44.894,0.24,45.322,0.2,45.682,0.25,45.484,0.31,45.881,0.33,45.263,0.55,45.298,0.55,45.298,0.55
5.4168312088955615,45.241,0.52,44.884,0.24,45.312,0.2,45.672,0.25,45.474,0.31,45.871,0.33,45.253,0.55,45.288,0.55,45.288,0.55
5.436831666659233,45.231,0.52,44.874,0.24,45.302,0.2,45.662,0.25,45.464,0.31,45.861,0.33,45.243,0.55,45.278,0.55,45.278,0.55
5.456831170748589,45.221,0.52,44.864,0.24,45.292,0.2,45.652,0.25,45.454,0.31,45.851,0.33,45.233,0.55,45.268,0.55,45.268,0.55
5.476831628512261,45.201,0.52,44.844,0.24,45.272,0.2,45.632,0.25,45.434,0.31,45.831,0.33,45.213,0.55,45.248,0.55,45.248,0.55
